unit,cycle,y_true_rul_raw,y_pred_rul,model_name,representation,window_size_used,error,abs_error,dangerous_error,conservative_error,rul_bin,dataset,model_family,feature_set,sample_weight_scheme,official_test_used_for_selection
1,233,44.0,52.31481595806564,fd003_lgbm_w50_cap125_quantile_a04_none_fault_sensitive,temporal_w50_fault_sensitive,50,8.314815958065637,8.314815958065637,False,False,30-60,FD003,LightGBM,fault_sensitive,none,False
2,124,51.0,51.14287778785755,fd003_lgbm_w50_cap125_quantile_a04_none_fault_sensitive,temporal_w50_fault_sensitive,50,0.14287778785755023,0.14287778785755023,False,False,30-60,FD003,LightGBM,fault_sensitive,none,False
3,234,27.0,34.27891395314462,fd003_lgbm_w50_cap125_quantile_a04_none_fault_sensitive,temporal_w50_fault_sensitive,50,7.278913953144617,7.278913953144617,False,False,0-30,FD003,LightGBM,fault_sensitive,none,False
4,68,120.0,116.99911439213263,fd003_lgbm_w50_cap125_quantile_a04_none_fault_sensitive,temporal_w50_fault_sensitive,50,-3.0008856078673745,3.0008856078673745,False,False,90+,FD003,LightGBM,fault_sensitive,none,False
5,138,101.0,107.93044762611264,fd003_lgbm_w50_cap125_quantile_a04_none_fault_sensitive,temporal_w50_fault_sensitive,50,6.930447626112638,6.930447626112638,False,False,90+,FD003,LightGBM,fault_sensitive,none,False
6,64,99.0,114.19857292625507,fd003_lgbm_w50_cap125_quantile_a04_none_fault_sensitive,temporal_w50_fault_sensitive,50,15.198572926255068,15.198572926255068,False,False,90+,FD003,LightGBM,fault_sensitive,none,False
7,158,71.0,61.49323628640623,fd003_lgbm_w50_cap125_quantile_a04_none_fault_sensitive,temporal_w50_fault_sensitive,50,-9.50676371359377,9.50676371359377,False,False,60-90,FD003,LightGBM,fault_sensitive,none,False
8,192,55.0,49.127594110772314,fd003_lgbm_w50_cap125_quantile_a04_none_fault_sensitive,temporal_w50_fault_sensitive,50,-5.872405889227686,5.872405889227686,False,False,30-60,FD003,LightGBM,fault_sensitive,none,False
9,238,55.0,42.469131472832736,fd003_lgbm_w50_cap125_quantile_a04_none_fault_sensitive,temporal_w50_fault_sensitive,50,-12.530868527167264,12.530868527167264,False,False,30-60,FD003,LightGBM,fault_sensitive,none,False
10,131,66.0,79.54838830629282,fd003_lgbm_w50_cap125_quantile_a04_none_fault_sensitive,temporal_w50_fault_sensitive,50,13.548388306292821,13.548388306292821,False,False,60-90,FD003,LightGBM,fault_sensitive,none,False
11,103,77.0,92.82914634378997,fd003_lgbm_w50_cap125_quantile_a04_none_fault_sensitive,temporal_w50_fault_sensitive,50,15.829146343789972,15.829146343789972,False,False,60-90,FD003,LightGBM,fault_sensitive,none,False
12,146,115.0,103.04410903604315,fd003_lgbm_w50_cap125_quantile_a04_none_fault_sensitive,temporal_w50_fault_sensitive,50,-11.955890963956847,11.955890963956847,False,False,90+,FD003,LightGBM,fault_sensitive,none,False
13,65,115.0,118.26562038563188,fd003_lgbm_w50_cap125_quantile_a04_none_fault_sensitive,temporal_w50_fault_sensitive,50,3.265620385631877,3.265620385631877,False,False,90+,FD003,LightGBM,fault_sensitive,none,False
14,169,31.0,26.130287241294276,fd003_lgbm_w50_cap125_quantile_a04_none_fault_sensitive,temporal_w50_fault_sensitive,50,-4.869712758705724,4.869712758705724,False,False,30-60,FD003,LightGBM,fault_sensitive,none,False
15,112,108.0,123.83177644996661,fd003_lgbm_w50_cap125_quantile_a04_none_fault_sensitive,temporal_w50_fault_sensitive,50,15.831776449966611,15.831776449966611,False,False,90+,FD003,LightGBM,fault_sensitive,none,False
16,126,56.0,102.49445437794105,fd003_lgbm_w50_cap125_quantile_a04_none_fault_sensitive,temporal_w50_fault_sensitive,50,46.494454377941054,46.494454377941054,True,False,30-60,FD003,LightGBM,fault_sensitive,none,False
17,230,136.0,122.29335892040123,fd003_lgbm_w50_cap125_quantile_a04_none_fault_sensitive,temporal_w50_fault_sensitive,50,-13.706641079598768,13.706641079598768,False,False,90+,FD003,LightGBM,fault_sensitive,none,False
18,244,132.0,112.03759474439723,fd003_lgbm_w50_cap125_quantile_a04_none_fault_sensitive,temporal_w50_fault_sensitive,50,-19.962405255602775,19.962405255602775,False,False,90+,FD003,LightGBM,fault_sensitive,none,False
19,115,85.0,108.0749035852898,fd003_lgbm_w50_cap125_quantile_a04_none_fault_sensitive,temporal_w50_fault_sensitive,50,23.074903585289803,23.074903585289803,True,False,60-90,FD003,LightGBM,fault_sensitive,none,False
20,207,56.0,50.39523685924762,fd003_lgbm_w50_cap125_quantile_a04_none_fault_sensitive,temporal_w50_fault_sensitive,50,-5.604763140752382,5.604763140752382,False,False,30-60,FD003,LightGBM,fault_sensitive,none,False
21,263,18.0,15.318731741861674,fd003_lgbm_w50_cap125_quantile_a04_none_fault_sensitive,temporal_w50_fault_sensitive,50,-2.681268258138326,2.681268258138326,False,False,0-30,FD003,LightGBM,fault_sensitive,none,False
22,119,119.0,123.22632774067074,fd003_lgbm_w50_cap125_quantile_a04_none_fault_sensitive,temporal_w50_fault_sensitive,50,4.22632774067074,4.22632774067074,False,False,90+,FD003,LightGBM,fault_sensitive,none,False
23,405,78.0,70.50884911975776,fd003_lgbm_w50_cap125_quantile_a04_none_fault_sensitive,temporal_w50_fault_sensitive,50,-7.491150880242245,7.491150880242245,False,False,60-90,FD003,LightGBM,fault_sensitive,none,False
24,475,9.0,10.60331595727389,fd003_lgbm_w50_cap125_quantile_a04_none_fault_sensitive,temporal_w50_fault_sensitive,50,1.6033159572738906,1.6033159572738906,False,False,0-30,FD003,LightGBM,fault_sensitive,none,False
25,169,58.0,38.140171207947645,fd003_lgbm_w50_cap125_quantile_a04_none_fault_sensitive,temporal_w50_fault_sensitive,50,-19.859828792052355,19.859828792052355,False,False,30-60,FD003,LightGBM,fault_sensitive,none,False
26,130,11.0,11.651045827065058,fd003_lgbm_w50_cap125_quantile_a04_none_fault_sensitive,temporal_w50_fault_sensitive,50,0.6510458270650581,0.6510458270650581,False,False,0-30,FD003,LightGBM,fault_sensitive,none,False
27,104,88.0,121.16857046846214,fd003_lgbm_w50_cap125_quantile_a04_none_fault_sensitive,temporal_w50_fault_sensitive,50,33.168570468462136,33.168570468462136,True,False,60-90,FD003,LightGBM,fault_sensitive,none,False
28,70,144.0,122.27351602044097,fd003_lgbm_w50_cap125_quantile_a04_none_fault_sensitive,temporal_w50_fault_sensitive,50,-21.726483979559035,21.726483979559035,False,True,90+,FD003,LightGBM,fault_sensitive,none,False
29,89,124.0,122.07849945391371,fd003_lgbm_w50_cap125_quantile_a04_none_fault_sensitive,temporal_w50_fault_sensitive,50,-1.9215005460862926,1.9215005460862926,False,False,90+,FD003,LightGBM,fault_sensitive,none,False
30,333,89.0,72.60738842087247,fd003_lgbm_w50_cap125_quantile_a04_none_fault_sensitive,temporal_w50_fault_sensitive,50,-16.392611579127532,16.392611579127532,False,False,60-90,FD003,LightGBM,fault_sensitive,none,False
31,152,79.0,82.55564855955984,fd003_lgbm_w50_cap125_quantile_a04_none_fault_sensitive,temporal_w50_fault_sensitive,50,3.5556485595598417,3.5556485595598417,False,False,60-90,FD003,LightGBM,fault_sensitive,none,False
32,120,55.0,74.07901203126443,fd003_lgbm_w50_cap125_quantile_a04_none_fault_sensitive,temporal_w50_fault_sensitive,50,19.079012031264426,19.079012031264426,False,False,30-60,FD003,LightGBM,fault_sensitive,none,False
33,180,71.0,69.65113577000922,fd003_lgbm_w50_cap125_quantile_a04_none_fault_sensitive,temporal_w50_fault_sensitive,50,-1.348864229990781,1.348864229990781,False,False,60-90,FD003,LightGBM,fault_sensitive,none,False
34,105,65.0,91.74276340235436,fd003_lgbm_w50_cap125_quantile_a04_none_fault_sensitive,temporal_w50_fault_sensitive,50,26.742763402354356,26.742763402354356,True,False,60-90,FD003,LightGBM,fault_sensitive,none,False
35,144,87.0,119.26026925124454,fd003_lgbm_w50_cap125_quantile_a04_none_fault_sensitive,temporal_w50_fault_sensitive,50,32.26026925124454,32.26026925124454,True,False,60-90,FD003,LightGBM,fault_sensitive,none,False
36,90,137.0,122.91610288719329,fd003_lgbm_w50_cap125_quantile_a04_none_fault_sensitive,temporal_w50_fault_sensitive,50,-14.08389711280671,14.08389711280671,False,False,90+,FD003,LightGBM,fault_sensitive,none,False
37,47,145.0,128.1083347495772,fd003_lgbm_w50_cap125_quantile_a04_none_fault_sensitive,temporal_w50_fault_sensitive,47,-16.89166525042279,16.89166525042279,False,False,90+,FD003,LightGBM,fault_sensitive,none,False
38,133,22.0,25.719121850951243,fd003_lgbm_w50_cap125_quantile_a04_none_fault_sensitive,temporal_w50_fault_sensitive,50,3.719121850951243,3.719121850951243,False,False,0-30,FD003,LightGBM,fault_sensitive,none,False
39,310,8.0,7.6689629150177705,fd003_lgbm_w50_cap125_quantile_a04_none_fault_sensitive,temporal_w50_fault_sensitive,50,-0.3310370849822295,0.3310370849822295,False,False,0-30,FD003,LightGBM,fault_sensitive,none,False
40,313,41.0,40.68349722709959,fd003_lgbm_w50_cap125_quantile_a04_none_fault_sensitive,temporal_w50_fault_sensitive,50,-0.3165027729004066,0.3165027729004066,False,False,30-60,FD003,LightGBM,fault_sensitive,none,False
41,101,131.0,124.84585285720983,fd003_lgbm_w50_cap125_quantile_a04_none_fault_sensitive,temporal_w50_fault_sensitive,50,-6.1541471427901655,6.1541471427901655,False,False,90+,FD003,LightGBM,fault_sensitive,none,False
42,87,115.0,102.71964381908253,fd003_lgbm_w50_cap125_quantile_a04_none_fault_sensitive,temporal_w50_fault_sensitive,50,-12.280356180917465,12.280356180917465,False,False,90+,FD003,LightGBM,fault_sensitive,none,False
43,133,128.0,120.34360802599191,fd003_lgbm_w50_cap125_quantile_a04_none_fault_sensitive,temporal_w50_fault_sensitive,50,-7.656391974008088,7.656391974008088,False,False,90+,FD003,LightGBM,fault_sensitive,none,False
44,146,69.0,71.5397094008309,fd003_lgbm_w50_cap125_quantile_a04_none_fault_sensitive,temporal_w50_fault_sensitive,50,2.539709400830901,2.539709400830901,False,False,60-90,FD003,LightGBM,fault_sensitive,none,False
45,88,111.0,108.65427344524159,fd003_lgbm_w50_cap125_quantile_a04_none_fault_sensitive,temporal_w50_fault_sensitive,50,-2.3457265547584143,2.3457265547584143,False,False,90+,FD003,LightGBM,fault_sensitive,none,False
46,180,7.0,5.767253835676241,fd003_lgbm_w50_cap125_quantile_a04_none_fault_sensitive,temporal_w50_fault_sensitive,50,-1.2327461643237587,1.2327461643237587,False,False,0-30,FD003,LightGBM,fault_sensitive,none,False
47,56,137.0,112.060977746454,fd003_lgbm_w50_cap125_quantile_a04_none_fault_sensitive,temporal_w50_fault_sensitive,50,-24.939022253546,24.939022253546,False,True,90+,FD003,LightGBM,fault_sensitive,none,False
48,179,55.0,49.57395352732649,fd003_lgbm_w50_cap125_quantile_a04_none_fault_sensitive,temporal_w50_fault_sensitive,50,-5.426046472673512,5.426046472673512,False,False,30-60,FD003,LightGBM,fault_sensitive,none,False
49,211,135.0,115.55249699577494,fd003_lgbm_w50_cap125_quantile_a04_none_fault_sensitive,temporal_w50_fault_sensitive,50,-19.447503004225055,19.447503004225055,False,False,90+,FD003,LightGBM,fault_sensitive,none,False
50,147,11.0,15.197383203270896,fd003_lgbm_w50_cap125_quantile_a04_none_fault_sensitive,temporal_w50_fault_sensitive,50,4.1973832032708955,4.1973832032708955,False,False,0-30,FD003,LightGBM,fault_sensitive,none,False
51,118,78.0,76.74537605396594,fd003_lgbm_w50_cap125_quantile_a04_none_fault_sensitive,temporal_w50_fault_sensitive,50,-1.2546239460340587,1.2546239460340587,False,False,60-90,FD003,LightGBM,fault_sensitive,none,False
52,38,120.0,124.71271449651015,fd003_lgbm_w50_cap125_quantile_a04_none_fault_sensitive,temporal_w50_fault_sensitive,38,4.712714496510145,4.712714496510145,False,False,90+,FD003,LightGBM,fault_sensitive,none,False
53,108,87.0,102.05448682315061,fd003_lgbm_w50_cap125_quantile_a04_none_fault_sensitive,temporal_w50_fault_sensitive,50,15.054486823150611,15.054486823150611,False,False,60-90,FD003,LightGBM,fault_sensitive,none,False
54,50,87.0,113.80263839239758,fd003_lgbm_w50_cap125_quantile_a04_none_fault_sensitive,temporal_w50_fault_sensitive,50,26.802638392397583,26.802638392397583,True,False,60-90,FD003,LightGBM,fault_sensitive,none,False
55,203,55.0,37.281035317990046,fd003_lgbm_w50_cap125_quantile_a04_none_fault_sensitive,temporal_w50_fault_sensitive,50,-17.718964682009954,17.718964682009954,False,False,30-60,FD003,LightGBM,fault_sensitive,none,False
56,162,93.0,74.4715757956349,fd003_lgbm_w50_cap125_quantile_a04_none_fault_sensitive,temporal_w50_fault_sensitive,50,-18.528424204365095,18.528424204365095,False,False,90+,FD003,LightGBM,fault_sensitive,none,False
57,158,88.0,72.14967836398446,fd003_lgbm_w50_cap125_quantile_a04_none_fault_sensitive,temporal_w50_fault_sensitive,50,-15.850321636015536,15.850321636015536,False,False,60-90,FD003,LightGBM,fault_sensitive,none,False
58,119,40.0,55.62190124835897,fd003_lgbm_w50_cap125_quantile_a04_none_fault_sensitive,temporal_w50_fault_sensitive,50,15.621901248358967,15.621901248358967,False,False,30-60,FD003,LightGBM,fault_sensitive,none,False
59,149,49.0,45.50993437601331,fd003_lgbm_w50_cap125_quantile_a04_none_fault_sensitive,temporal_w50_fault_sensitive,50,-3.4900656239866876,3.4900656239866876,False,False,30-60,FD003,LightGBM,fault_sensitive,none,False
60,112,128.0,113.38159608038616,fd003_lgbm_w50_cap125_quantile_a04_none_fault_sensitive,temporal_w50_fault_sensitive,50,-14.61840391961384,14.61840391961384,False,False,90+,FD003,LightGBM,fault_sensitive,none,False
61,78,129.0,124.63728778995267,fd003_lgbm_w50_cap125_quantile_a04_none_fault_sensitive,temporal_w50_fault_sensitive,50,-4.362712210047334,4.362712210047334,False,False,90+,FD003,LightGBM,fault_sensitive,none,False
62,224,58.0,56.5255749248726,fd003_lgbm_w50_cap125_quantile_a04_none_fault_sensitive,temporal_w50_fault_sensitive,50,-1.4744250751273995,1.4744250751273995,False,False,30-60,FD003,LightGBM,fault_sensitive,none,False
63,137,117.0,122.96287321434059,fd003_lgbm_w50_cap125_quantile_a04_none_fault_sensitive,temporal_w50_fault_sensitive,50,5.96287321434059,5.96287321434059,False,False,90+,FD003,LightGBM,fault_sensitive,none,False
64,271,28.0,22.611773413690663,fd003_lgbm_w50_cap125_quantile_a04_none_fault_sensitive,temporal_w50_fault_sensitive,50,-5.388226586309337,5.388226586309337,False,False,0-30,FD003,LightGBM,fault_sensitive,none,False
65,79,115.0,122.8493852121695,fd003_lgbm_w50_cap125_quantile_a04_none_fault_sensitive,temporal_w50_fault_sensitive,50,7.849385212169494,7.849385212169494,False,False,90+,FD003,LightGBM,fault_sensitive,none,False
66,122,87.0,90.37005377327081,fd003_lgbm_w50_cap125_quantile_a04_none_fault_sensitive,temporal_w50_fault_sensitive,50,3.3700537732708113,3.3700537732708113,False,False,60-90,FD003,LightGBM,fault_sensitive,none,False
67,186,92.0,111.97581033852282,fd003_lgbm_w50_cap125_quantile_a04_none_fault_sensitive,temporal_w50_fault_sensitive,50,19.97581033852282,19.97581033852282,False,False,90+,FD003,LightGBM,fault_sensitive,none,False
68,188,103.0,93.65822148229739,fd003_lgbm_w50_cap125_quantile_a04_none_fault_sensitive,temporal_w50_fault_sensitive,50,-9.341778517702608,9.341778517702608,False,False,90+,FD003,LightGBM,fault_sensitive,none,False
69,105,100.0,108.22699774231035,fd003_lgbm_w50_cap125_quantile_a04_none_fault_sensitive,temporal_w50_fault_sensitive,50,8.226997742310346,8.226997742310346,False,False,90+,FD003,LightGBM,fault_sensitive,none,False
70,84,63.0,86.62775008711165,fd003_lgbm_w50_cap125_quantile_a04_none_fault_sensitive,temporal_w50_fault_sensitive,50,23.62775008711165,23.62775008711165,True,False,60-90,FD003,LightGBM,fault_sensitive,none,False
71,367,35.0,24.27050084498443,fd003_lgbm_w50_cap125_quantile_a04_none_fault_sensitive,temporal_w50_fault_sensitive,50,-10.72949915501557,10.72949915501557,False,False,30-60,FD003,LightGBM,fault_sensitive,none,False
72,232,45.0,49.719689847237674,fd003_lgbm_w50_cap125_quantile_a04_none_fault_sensitive,temporal_w50_fault_sensitive,50,4.7196898472376745,4.7196898472376745,False,False,30-60,FD003,LightGBM,fault_sensitive,none,False
73,109,99.0,114.383998379158,fd003_lgbm_w50_cap125_quantile_a04_none_fault_sensitive,temporal_w50_fault_sensitive,50,15.383998379158001,15.383998379158001,False,False,90+,FD003,LightGBM,fault_sensitive,none,False
74,68,117.0,125.04262451221155,fd003_lgbm_w50_cap125_quantile_a04_none_fault_sensitive,temporal_w50_fault_sensitive,50,8.042624512211546,8.042624512211546,False,False,90+,FD003,LightGBM,fault_sensitive,none,False
75,191,45.0,53.66304607090191,fd003_lgbm_w50_cap125_quantile_a04_none_fault_sensitive,temporal_w50_fault_sensitive,50,8.663046070901913,8.663046070901913,False,False,30-60,FD003,LightGBM,fault_sensitive,none,False
76,180,27.0,27.43829962984264,fd003_lgbm_w50_cap125_quantile_a04_none_fault_sensitive,temporal_w50_fault_sensitive,50,0.43829962984263915,0.43829962984263915,False,False,0-30,FD003,LightGBM,fault_sensitive,none,False
77,381,86.0,69.33289007153385,fd003_lgbm_w50_cap125_quantile_a04_none_fault_sensitive,temporal_w50_fault_sensitive,50,-16.667109928466147,16.667109928466147,False,False,60-90,FD003,LightGBM,fault_sensitive,none,False
78,279,20.0,23.10902412746481,fd003_lgbm_w50_cap125_quantile_a04_none_fault_sensitive,temporal_w50_fault_sensitive,50,3.10902412746481,3.10902412746481,False,False,0-30,FD003,LightGBM,fault_sensitive,none,False
79,170,18.0,15.79228075810808,fd003_lgbm_w50_cap125_quantile_a04_none_fault_sensitive,temporal_w50_fault_sensitive,50,-2.2077192418919207,2.2077192418919207,False,False,0-30,FD003,LightGBM,fault_sensitive,none,False
80,85,133.0,118.92170959577538,fd003_lgbm_w50_cap125_quantile_a04_none_fault_sensitive,temporal_w50_fault_sensitive,50,-14.078290404224617,14.078290404224617,False,False,90+,FD003,LightGBM,fault_sensitive,none,False
81,155,15.0,16.002575162238497,fd003_lgbm_w50_cap125_quantile_a04_none_fault_sensitive,temporal_w50_fault_sensitive,50,1.0025751622384966,1.0025751622384966,False,False,0-30,FD003,LightGBM,fault_sensitive,none,False
82,194,6.0,6.167598438096984,fd003_lgbm_w50_cap125_quantile_a04_none_fault_sensitive,temporal_w50_fault_sensitive,50,0.16759843809698438,0.16759843809698438,False,False,0-30,FD003,LightGBM,fault_sensitive,none,False
83,168,145.0,97.84129700296857,fd003_lgbm_w50_cap125_quantile_a04_none_fault_sensitive,temporal_w50_fault_sensitive,50,-47.158702997031426,47.158702997031426,False,True,90+,FD003,LightGBM,fault_sensitive,none,False
84,76,104.0,115.85502091761647,fd003_lgbm_w50_cap125_quantile_a04_none_fault_sensitive,temporal_w50_fault_sensitive,50,11.855020917616471,11.855020917616471,False,False,90+,FD003,LightGBM,fault_sensitive,none,False
85,118,56.0,84.9026878103048,fd003_lgbm_w50_cap125_quantile_a04_none_fault_sensitive,temporal_w50_fault_sensitive,50,28.902687810304798,28.902687810304798,True,False,30-60,FD003,LightGBM,fault_sensitive,none,False
86,174,25.0,27.23422329745102,fd003_lgbm_w50_cap125_quantile_a04_none_fault_sensitive,temporal_w50_fault_sensitive,50,2.2342232974510203,2.2342232974510203,False,False,0-30,FD003,LightGBM,fault_sensitive,none,False
87,218,68.0,64.61911493137028,fd003_lgbm_w50_cap125_quantile_a04_none_fault_sensitive,temporal_w50_fault_sensitive,50,-3.3808850686297234,3.3808850686297234,False,False,60-90,FD003,LightGBM,fault_sensitive,none,False
88,41,144.0,123.7312536113786,fd003_lgbm_w50_cap125_quantile_a04_none_fault_sensitive,temporal_w50_fault_sensitive,41,-20.268746388621395,20.268746388621395,False,True,90+,FD003,LightGBM,fault_sensitive,none,False
89,120,41.0,58.08834336005765,fd003_lgbm_w50_cap125_quantile_a04_none_fault_sensitive,temporal_w50_fault_sensitive,50,17.08834336005765,17.08834336005765,False,False,30-60,FD003,LightGBM,fault_sensitive,none,False
90,206,51.0,46.162211488732304,fd003_lgbm_w50_cap125_quantile_a04_none_fault_sensitive,temporal_w50_fault_sensitive,50,-4.837788511267696,4.837788511267696,False,False,30-60,FD003,LightGBM,fault_sensitive,none,False
91,56,81.0,102.85123447975191,fd003_lgbm_w50_cap125_quantile_a04_none_fault_sensitive,temporal_w50_fault_sensitive,50,21.85123447975191,21.85123447975191,True,False,60-90,FD003,LightGBM,fault_sensitive,none,False
92,266,14.0,12.08145414145956,fd003_lgbm_w50_cap125_quantile_a04_none_fault_sensitive,temporal_w50_fault_sensitive,50,-1.9185458585404405,1.9185458585404405,False,False,0-30,FD003,LightGBM,fault_sensitive,none,False
93,158,67.0,68.06924905219941,fd003_lgbm_w50_cap125_quantile_a04_none_fault_sensitive,temporal_w50_fault_sensitive,50,1.0692490521994102,1.0692490521994102,False,False,60-90,FD003,LightGBM,fault_sensitive,none,False
94,333,10.0,5.3898456167640685,fd003_lgbm_w50_cap125_quantile_a04_none_fault_sensitive,temporal_w50_fault_sensitive,50,-4.6101543832359315,4.6101543832359315,False,False,0-30,FD003,LightGBM,fault_sensitive,none,False
95,213,127.0,106.00779065750231,fd003_lgbm_w50_cap125_quantile_a04_none_fault_sensitive,temporal_w50_fault_sensitive,50,-20.992209342497688,20.992209342497688,False,True,90+,FD003,LightGBM,fault_sensitive,none,False
96,358,113.0,90.56579011228999,fd003_lgbm_w50_cap125_quantile_a04_none_fault_sensitive,temporal_w50_fault_sensitive,50,-22.43420988771001,22.43420988771001,False,True,90+,FD003,LightGBM,fault_sensitive,none,False
97,95,123.0,123.28286942736588,fd003_lgbm_w50_cap125_quantile_a04_none_fault_sensitive,temporal_w50_fault_sensitive,50,0.28286942736588117,0.28286942736588117,False,False,90+,FD003,LightGBM,fault_sensitive,none,False
98,182,17.0,17.53131480276693,fd003_lgbm_w50_cap125_quantile_a04_none_fault_sensitive,temporal_w50_fault_sensitive,50,0.5313148027669286,0.5313148027669286,False,False,0-30,FD003,LightGBM,fault_sensitive,none,False
99,289,8.0,7.447922449879374,fd003_lgbm_w50_cap125_quantile_a04_none_fault_sensitive,temporal_w50_fault_sensitive,50,-0.5520775501206261,0.5520775501206261,False,False,0-30,FD003,LightGBM,fault_sensitive,none,False
100,247,28.0,21.572940962222358,fd003_lgbm_w50_cap125_quantile_a04_none_fault_sensitive,temporal_w50_fault_sensitive,50,-6.427059037777642,6.427059037777642,False,False,0-30,FD003,LightGBM,fault_sensitive,none,False
