unit,cycle,predicted_RUL,dataset,model_name,representation,window_size_used
1,233,52.31481595806564,FD003,fd003_lgbm_w50_cap125_quantile_a04_none_fault_sensitive,temporal_w50_fault_sensitive,50
2,124,51.14287778785755,FD003,fd003_lgbm_w50_cap125_quantile_a04_none_fault_sensitive,temporal_w50_fault_sensitive,50
3,234,34.27891395314462,FD003,fd003_lgbm_w50_cap125_quantile_a04_none_fault_sensitive,temporal_w50_fault_sensitive,50
4,68,116.99911439213263,FD003,fd003_lgbm_w50_cap125_quantile_a04_none_fault_sensitive,temporal_w50_fault_sensitive,50
5,138,107.93044762611264,FD003,fd003_lgbm_w50_cap125_quantile_a04_none_fault_sensitive,temporal_w50_fault_sensitive,50
6,64,114.19857292625507,FD003,fd003_lgbm_w50_cap125_quantile_a04_none_fault_sensitive,temporal_w50_fault_sensitive,50
7,158,61.49323628640623,FD003,fd003_lgbm_w50_cap125_quantile_a04_none_fault_sensitive,temporal_w50_fault_sensitive,50
8,192,49.127594110772314,FD003,fd003_lgbm_w50_cap125_quantile_a04_none_fault_sensitive,temporal_w50_fault_sensitive,50
9,238,42.469131472832736,FD003,fd003_lgbm_w50_cap125_quantile_a04_none_fault_sensitive,temporal_w50_fault_sensitive,50
10,131,79.54838830629282,FD003,fd003_lgbm_w50_cap125_quantile_a04_none_fault_sensitive,temporal_w50_fault_sensitive,50
11,103,92.82914634378997,FD003,fd003_lgbm_w50_cap125_quantile_a04_none_fault_sensitive,temporal_w50_fault_sensitive,50
12,146,103.04410903604315,FD003,fd003_lgbm_w50_cap125_quantile_a04_none_fault_sensitive,temporal_w50_fault_sensitive,50
13,65,118.26562038563188,FD003,fd003_lgbm_w50_cap125_quantile_a04_none_fault_sensitive,temporal_w50_fault_sensitive,50
14,169,26.130287241294276,FD003,fd003_lgbm_w50_cap125_quantile_a04_none_fault_sensitive,temporal_w50_fault_sensitive,50
15,112,123.83177644996661,FD003,fd003_lgbm_w50_cap125_quantile_a04_none_fault_sensitive,temporal_w50_fault_sensitive,50
16,126,102.49445437794105,FD003,fd003_lgbm_w50_cap125_quantile_a04_none_fault_sensitive,temporal_w50_fault_sensitive,50
17,230,122.29335892040123,FD003,fd003_lgbm_w50_cap125_quantile_a04_none_fault_sensitive,temporal_w50_fault_sensitive,50
18,244,112.03759474439723,FD003,fd003_lgbm_w50_cap125_quantile_a04_none_fault_sensitive,temporal_w50_fault_sensitive,50
19,115,108.0749035852898,FD003,fd003_lgbm_w50_cap125_quantile_a04_none_fault_sensitive,temporal_w50_fault_sensitive,50
20,207,50.39523685924762,FD003,fd003_lgbm_w50_cap125_quantile_a04_none_fault_sensitive,temporal_w50_fault_sensitive,50
21,263,15.318731741861674,FD003,fd003_lgbm_w50_cap125_quantile_a04_none_fault_sensitive,temporal_w50_fault_sensitive,50
22,119,123.22632774067074,FD003,fd003_lgbm_w50_cap125_quantile_a04_none_fault_sensitive,temporal_w50_fault_sensitive,50
23,405,70.50884911975776,FD003,fd003_lgbm_w50_cap125_quantile_a04_none_fault_sensitive,temporal_w50_fault_sensitive,50
24,475,10.60331595727389,FD003,fd003_lgbm_w50_cap125_quantile_a04_none_fault_sensitive,temporal_w50_fault_sensitive,50
25,169,38.140171207947645,FD003,fd003_lgbm_w50_cap125_quantile_a04_none_fault_sensitive,temporal_w50_fault_sensitive,50
26,130,11.651045827065058,FD003,fd003_lgbm_w50_cap125_quantile_a04_none_fault_sensitive,temporal_w50_fault_sensitive,50
27,104,121.16857046846214,FD003,fd003_lgbm_w50_cap125_quantile_a04_none_fault_sensitive,temporal_w50_fault_sensitive,50
28,70,122.27351602044097,FD003,fd003_lgbm_w50_cap125_quantile_a04_none_fault_sensitive,temporal_w50_fault_sensitive,50
29,89,122.07849945391371,FD003,fd003_lgbm_w50_cap125_quantile_a04_none_fault_sensitive,temporal_w50_fault_sensitive,50
30,333,72.60738842087247,FD003,fd003_lgbm_w50_cap125_quantile_a04_none_fault_sensitive,temporal_w50_fault_sensitive,50
31,152,82.55564855955984,FD003,fd003_lgbm_w50_cap125_quantile_a04_none_fault_sensitive,temporal_w50_fault_sensitive,50
32,120,74.07901203126443,FD003,fd003_lgbm_w50_cap125_quantile_a04_none_fault_sensitive,temporal_w50_fault_sensitive,50
33,180,69.65113577000922,FD003,fd003_lgbm_w50_cap125_quantile_a04_none_fault_sensitive,temporal_w50_fault_sensitive,50
34,105,91.74276340235436,FD003,fd003_lgbm_w50_cap125_quantile_a04_none_fault_sensitive,temporal_w50_fault_sensitive,50
35,144,119.26026925124454,FD003,fd003_lgbm_w50_cap125_quantile_a04_none_fault_sensitive,temporal_w50_fault_sensitive,50
36,90,122.91610288719329,FD003,fd003_lgbm_w50_cap125_quantile_a04_none_fault_sensitive,temporal_w50_fault_sensitive,50
37,47,128.1083347495772,FD003,fd003_lgbm_w50_cap125_quantile_a04_none_fault_sensitive,temporal_w50_fault_sensitive,47
38,133,25.719121850951243,FD003,fd003_lgbm_w50_cap125_quantile_a04_none_fault_sensitive,temporal_w50_fault_sensitive,50
39,310,7.6689629150177705,FD003,fd003_lgbm_w50_cap125_quantile_a04_none_fault_sensitive,temporal_w50_fault_sensitive,50
40,313,40.68349722709959,FD003,fd003_lgbm_w50_cap125_quantile_a04_none_fault_sensitive,temporal_w50_fault_sensitive,50
41,101,124.84585285720983,FD003,fd003_lgbm_w50_cap125_quantile_a04_none_fault_sensitive,temporal_w50_fault_sensitive,50
42,87,102.71964381908253,FD003,fd003_lgbm_w50_cap125_quantile_a04_none_fault_sensitive,temporal_w50_fault_sensitive,50
43,133,120.34360802599191,FD003,fd003_lgbm_w50_cap125_quantile_a04_none_fault_sensitive,temporal_w50_fault_sensitive,50
44,146,71.5397094008309,FD003,fd003_lgbm_w50_cap125_quantile_a04_none_fault_sensitive,temporal_w50_fault_sensitive,50
45,88,108.65427344524159,FD003,fd003_lgbm_w50_cap125_quantile_a04_none_fault_sensitive,temporal_w50_fault_sensitive,50
46,180,5.767253835676241,FD003,fd003_lgbm_w50_cap125_quantile_a04_none_fault_sensitive,temporal_w50_fault_sensitive,50
47,56,112.060977746454,FD003,fd003_lgbm_w50_cap125_quantile_a04_none_fault_sensitive,temporal_w50_fault_sensitive,50
48,179,49.57395352732649,FD003,fd003_lgbm_w50_cap125_quantile_a04_none_fault_sensitive,temporal_w50_fault_sensitive,50
49,211,115.55249699577494,FD003,fd003_lgbm_w50_cap125_quantile_a04_none_fault_sensitive,temporal_w50_fault_sensitive,50
50,147,15.197383203270896,FD003,fd003_lgbm_w50_cap125_quantile_a04_none_fault_sensitive,temporal_w50_fault_sensitive,50
51,118,76.74537605396594,FD003,fd003_lgbm_w50_cap125_quantile_a04_none_fault_sensitive,temporal_w50_fault_sensitive,50
52,38,124.71271449651015,FD003,fd003_lgbm_w50_cap125_quantile_a04_none_fault_sensitive,temporal_w50_fault_sensitive,38
53,108,102.05448682315061,FD003,fd003_lgbm_w50_cap125_quantile_a04_none_fault_sensitive,temporal_w50_fault_sensitive,50
54,50,113.80263839239758,FD003,fd003_lgbm_w50_cap125_quantile_a04_none_fault_sensitive,temporal_w50_fault_sensitive,50
55,203,37.281035317990046,FD003,fd003_lgbm_w50_cap125_quantile_a04_none_fault_sensitive,temporal_w50_fault_sensitive,50
56,162,74.4715757956349,FD003,fd003_lgbm_w50_cap125_quantile_a04_none_fault_sensitive,temporal_w50_fault_sensitive,50
57,158,72.14967836398446,FD003,fd003_lgbm_w50_cap125_quantile_a04_none_fault_sensitive,temporal_w50_fault_sensitive,50
58,119,55.62190124835897,FD003,fd003_lgbm_w50_cap125_quantile_a04_none_fault_sensitive,temporal_w50_fault_sensitive,50
59,149,45.50993437601331,FD003,fd003_lgbm_w50_cap125_quantile_a04_none_fault_sensitive,temporal_w50_fault_sensitive,50
60,112,113.38159608038616,FD003,fd003_lgbm_w50_cap125_quantile_a04_none_fault_sensitive,temporal_w50_fault_sensitive,50
61,78,124.63728778995267,FD003,fd003_lgbm_w50_cap125_quantile_a04_none_fault_sensitive,temporal_w50_fault_sensitive,50
62,224,56.5255749248726,FD003,fd003_lgbm_w50_cap125_quantile_a04_none_fault_sensitive,temporal_w50_fault_sensitive,50
63,137,122.96287321434059,FD003,fd003_lgbm_w50_cap125_quantile_a04_none_fault_sensitive,temporal_w50_fault_sensitive,50
64,271,22.611773413690663,FD003,fd003_lgbm_w50_cap125_quantile_a04_none_fault_sensitive,temporal_w50_fault_sensitive,50
65,79,122.8493852121695,FD003,fd003_lgbm_w50_cap125_quantile_a04_none_fault_sensitive,temporal_w50_fault_sensitive,50
66,122,90.37005377327081,FD003,fd003_lgbm_w50_cap125_quantile_a04_none_fault_sensitive,temporal_w50_fault_sensitive,50
67,186,111.97581033852282,FD003,fd003_lgbm_w50_cap125_quantile_a04_none_fault_sensitive,temporal_w50_fault_sensitive,50
68,188,93.65822148229739,FD003,fd003_lgbm_w50_cap125_quantile_a04_none_fault_sensitive,temporal_w50_fault_sensitive,50
69,105,108.22699774231035,FD003,fd003_lgbm_w50_cap125_quantile_a04_none_fault_sensitive,temporal_w50_fault_sensitive,50
70,84,86.62775008711165,FD003,fd003_lgbm_w50_cap125_quantile_a04_none_fault_sensitive,temporal_w50_fault_sensitive,50
71,367,24.27050084498443,FD003,fd003_lgbm_w50_cap125_quantile_a04_none_fault_sensitive,temporal_w50_fault_sensitive,50
72,232,49.719689847237674,FD003,fd003_lgbm_w50_cap125_quantile_a04_none_fault_sensitive,temporal_w50_fault_sensitive,50
73,109,114.383998379158,FD003,fd003_lgbm_w50_cap125_quantile_a04_none_fault_sensitive,temporal_w50_fault_sensitive,50
74,68,125.04262451221155,FD003,fd003_lgbm_w50_cap125_quantile_a04_none_fault_sensitive,temporal_w50_fault_sensitive,50
75,191,53.66304607090191,FD003,fd003_lgbm_w50_cap125_quantile_a04_none_fault_sensitive,temporal_w50_fault_sensitive,50
76,180,27.43829962984264,FD003,fd003_lgbm_w50_cap125_quantile_a04_none_fault_sensitive,temporal_w50_fault_sensitive,50
77,381,69.33289007153385,FD003,fd003_lgbm_w50_cap125_quantile_a04_none_fault_sensitive,temporal_w50_fault_sensitive,50
78,279,23.10902412746481,FD003,fd003_lgbm_w50_cap125_quantile_a04_none_fault_sensitive,temporal_w50_fault_sensitive,50
79,170,15.79228075810808,FD003,fd003_lgbm_w50_cap125_quantile_a04_none_fault_sensitive,temporal_w50_fault_sensitive,50
80,85,118.92170959577538,FD003,fd003_lgbm_w50_cap125_quantile_a04_none_fault_sensitive,temporal_w50_fault_sensitive,50
81,155,16.002575162238497,FD003,fd003_lgbm_w50_cap125_quantile_a04_none_fault_sensitive,temporal_w50_fault_sensitive,50
82,194,6.167598438096984,FD003,fd003_lgbm_w50_cap125_quantile_a04_none_fault_sensitive,temporal_w50_fault_sensitive,50
83,168,97.84129700296857,FD003,fd003_lgbm_w50_cap125_quantile_a04_none_fault_sensitive,temporal_w50_fault_sensitive,50
84,76,115.85502091761647,FD003,fd003_lgbm_w50_cap125_quantile_a04_none_fault_sensitive,temporal_w50_fault_sensitive,50
85,118,84.9026878103048,FD003,fd003_lgbm_w50_cap125_quantile_a04_none_fault_sensitive,temporal_w50_fault_sensitive,50
86,174,27.23422329745102,FD003,fd003_lgbm_w50_cap125_quantile_a04_none_fault_sensitive,temporal_w50_fault_sensitive,50
87,218,64.61911493137028,FD003,fd003_lgbm_w50_cap125_quantile_a04_none_fault_sensitive,temporal_w50_fault_sensitive,50
88,41,123.7312536113786,FD003,fd003_lgbm_w50_cap125_quantile_a04_none_fault_sensitive,temporal_w50_fault_sensitive,41
89,120,58.08834336005765,FD003,fd003_lgbm_w50_cap125_quantile_a04_none_fault_sensitive,temporal_w50_fault_sensitive,50
90,206,46.162211488732304,FD003,fd003_lgbm_w50_cap125_quantile_a04_none_fault_sensitive,temporal_w50_fault_sensitive,50
91,56,102.85123447975191,FD003,fd003_lgbm_w50_cap125_quantile_a04_none_fault_sensitive,temporal_w50_fault_sensitive,50
92,266,12.08145414145956,FD003,fd003_lgbm_w50_cap125_quantile_a04_none_fault_sensitive,temporal_w50_fault_sensitive,50
93,158,68.06924905219941,FD003,fd003_lgbm_w50_cap125_quantile_a04_none_fault_sensitive,temporal_w50_fault_sensitive,50
94,333,5.3898456167640685,FD003,fd003_lgbm_w50_cap125_quantile_a04_none_fault_sensitive,temporal_w50_fault_sensitive,50
95,213,106.00779065750231,FD003,fd003_lgbm_w50_cap125_quantile_a04_none_fault_sensitive,temporal_w50_fault_sensitive,50
96,358,90.56579011228999,FD003,fd003_lgbm_w50_cap125_quantile_a04_none_fault_sensitive,temporal_w50_fault_sensitive,50
97,95,123.28286942736588,FD003,fd003_lgbm_w50_cap125_quantile_a04_none_fault_sensitive,temporal_w50_fault_sensitive,50
98,182,17.53131480276693,FD003,fd003_lgbm_w50_cap125_quantile_a04_none_fault_sensitive,temporal_w50_fault_sensitive,50
99,289,7.447922449879374,FD003,fd003_lgbm_w50_cap125_quantile_a04_none_fault_sensitive,temporal_w50_fault_sensitive,50
100,247,21.572940962222358,FD003,fd003_lgbm_w50_cap125_quantile_a04_none_fault_sensitive,temporal_w50_fault_sensitive,50
